{
  "10": {
    "real_time": {
      "mean": 0.02,
      "ci": 0.0,
      "std": 0.0,
      "min": 0.02,
      "max": 0.02,
      "values": [
        0.02,
        0.02,
        0.02
      ]
    },
    "user_time": {
      "mean": 0.02,
      "std": 0.0,
      "values": [
        0.02,
        0.02,
        0.02
      ]
    },
    "sys_time": {
      "mean": 0.0,
      "std": 0.0,
      "values": [
        0.0,
        0.0,
        0.0
      ]
    },
    "max_memory": {
      "mean": 1438.6666666666667,
      "std": 32.08322510804257,
      "min": 1408.0,
      "max": 1472.0,
      "values": [
        1436.0,
        1472.0,
        1408.0
      ]
    },
    "repetitions": 3
  },
  "14": {
    "real_time": {
      "mean": 12.276666666666667,
      "ci": 0.08724004935463239,
      "std": 0.035118845842842555,
      "min": 12.24,
      "max": 12.31,
      "values": [
        12.28,
        12.24,
        12.31
      ]
    },
    "user_time": {
      "mean": 12.256666666666666,
      "std": 0.035118845842841716,
      "values": [
        12.26,
        12.22,
        12.29
      ]
    },
    "sys_time": {
      "mean": 0.0,
      "std": 0.0,
      "values": [
        0.0,
        0.0,
        0.0
      ]
    },
    "max_memory": {
      "mean": 1381.3333333333333,
      "std": 31.069813860616115,
      "min": 1356.0,
      "max": 1416.0,
      "values": [
        1372.0,
        1356.0,
        1416.0
      ]
    },
    "repetitions": 3
  }
}