{
  "10": {
    "real_time": {
      "mean": 0.02,
      "ci": 0.0,
      "std": 0.0,
      "min": 0.02,
      "max": 0.02,
      "values": [
        0.02,
        0.02,
        0.02
      ]
    },
    "user_time": {
      "mean": 0.02,
      "std": 0.0,
      "values": [
        0.02,
        0.02,
        0.02
      ]
    },
    "sys_time": {
      "mean": 0.0,
      "std": 0.0,
      "values": [
        0.0,
        0.0,
        0.0
      ]
    },
    "max_memory": {
      "mean": 1354.6666666666667,
      "std": 46.36090306856989,
      "min": 1324.0,
      "max": 1408.0,
      "values": [
        1332.0,
        1408.0,
        1324.0
      ]
    },
    "repetitions": 3
  },
  "14": {
    "real_time": {
      "mean": 12.26,
      "ci": 0.043026527299111834,
      "std": 0.017320508075688405,
      "min": 12.25,
      "max": 12.28,
      "values": [
        12.25,
        12.28,
        12.25
      ]
    },
    "user_time": {
      "mean": 12.24,
      "std": 0.017320508075688405,
      "values": [
        12.23,
        12.26,
        12.23
      ]
    },
    "sys_time": {
      "mean": 0.0,
      "std": 0.0,
      "values": [
        0.0,
        0.0,
        0.0
      ]
    },
    "max_memory": {
      "mean": 1346.6666666666667,
      "std": 20.526405757787536,
      "min": 1324.0,
      "max": 1364.0,
      "values": [
        1352.0,
        1364.0,
        1324.0
      ]
    },
    "repetitions": 3
  }
}