{
  "": {
    "real_time": {
      "mean": 0.0,
      "ci": 0.0,
      "std": 0.0,
      "min": 0.0,
      "max": 0.0,
      "values": [
        0.0,
        0.0,
        0.0
      ]
    },
    "user_time": {
      "mean": 0.0,
      "std": 0.0,
      "values": [
        0.0,
        0.0,
        0.0
      ]
    },
    "sys_time": {
      "mean": 0.0,
      "std": 0.0,
      "values": [
        0.0,
        0.0,
        0.0
      ]
    },
    "max_memory": {
      "mean": 925.3333333333334,
      "std": 39.25981830489455,
      "min": 880.0,
      "max": 948.0,
      "values": [
        948.0,
        948.0,
        880.0
      ]
    },
    "repetitions": 3
  }
}