{
  "": {
    "real_time": {
      "mean": 0.0,
      "ci": 0.0,
      "std": 0.0,
      "min": 0.0,
      "max": 0.0,
      "values": [
        0.0,
        0.0,
        0.0
      ]
    },
    "user_time": {
      "mean": 0.0,
      "std": 0.0,
      "values": [
        0.0,
        0.0,
        0.0
      ]
    },
    "sys_time": {
      "mean": 0.0,
      "std": 0.0,
      "values": [
        0.0,
        0.0,
        0.0
      ]
    },
    "max_memory": {
      "mean": 950.6666666666666,
      "std": 2.309401076758503,
      "min": 948.0,
      "max": 952.0,
      "values": [
        948.0,
        952.0,
        952.0
      ]
    },
    "repetitions": 3
  }
}