{
  "N1000": {
    "real_time": {
      "mean": 0.0,
      "ci": 0.0,
      "std": 0.0,
      "min": 0.0,
      "max": 0.0,
      "values": [
        0.0,
        0.0,
        0.0
      ]
    },
    "user_time": {
      "mean": 0.0,
      "std": 0.0,
      "values": [
        0.0,
        0.0,
        0.0
      ]
    },
    "sys_time": {
      "mean": 0.0,
      "std": 0.0,
      "values": [
        0.0,
        0.0,
        0.0
      ]
    },
    "max_memory": {
      "mean": 949.3333333333334,
      "std": 60.04442799572108,
      "min": 888.0,
      "max": 1008.0,
      "values": [
        1008.0,
        952.0,
        888.0
      ]
    },
    "repetitions": 3
  },
  "N2000": {
    "real_time": {
      "mean": 0.0,
      "ci": 0.0,
      "std": 0.0,
      "min": 0.0,
      "max": 0.0,
      "values": [
        0.0,
        0.0,
        0.0
      ]
    },
    "user_time": {
      "mean": 0.0,
      "std": 0.0,
      "values": [
        0.0,
        0.0,
        0.0
      ]
    },
    "sys_time": {
      "mean": 0.0,
      "std": 0.0,
      "values": [
        0.0,
        0.0,
        0.0
      ]
    },
    "max_memory": {
      "mean": 972.0,
      "std": 34.64101615137755,
      "min": 952.0,
      "max": 1012.0,
      "values": [
        1012.0,
        952.0,
        952.0
      ]
    },
    "repetitions": 3
  },
  "N5000": {
    "real_time": {
      "mean": 0.0,
      "ci": 0.0,
      "std": 0.0,
      "min": 0.0,
      "max": 0.0,
      "values": [
        0.0,
        0.0,
        0.0
      ]
    },
    "user_time": {
      "mean": 0.0,
      "std": 0.0,
      "values": [
        0.0,
        0.0,
        0.0
      ]
    },
    "sys_time": {
      "mean": 0.0,
      "std": 0.0,
      "values": [
        0.0,
        0.0,
        0.0
      ]
    },
    "max_memory": {
      "mean": 929.3333333333334,
      "std": 35.85154575933001,
      "min": 888.0,
      "max": 952.0,
      "values": [
        952.0,
        888.0,
        948.0
      ]
    },
    "repetitions": 3
  }
}