{
  "chr10a": {
    "real_time": {
      "mean": 0.26,
      "ci": 0.0,
      "std": 0.0,
      "min": 0.26,
      "max": 0.26,
      "values": [
        0.26,
        0.26,
        0.26
      ]
    },
    "user_time": {
      "mean": 0.0,
      "std": 0.0,
      "values": [
        0.0,
        0.0,
        0.0
      ]
    },
    "sys_time": {
      "mean": 0.03,
      "std": 0.0,
      "values": [
        0.03,
        0.03,
        0.03
      ]
    },
    "max_memory": {
      "mean": 1362.6666666666667,
      "std": 8.32666399786453,
      "min": 1356.0,
      "max": 1372.0,
      "values": [
        1356.0,
        1372.0,
        1360.0
      ]
    },
    "repetitions": 3
  },
  "chr12a": {
    "real_time": {
      "mean": 0.25,
      "ci": 0.0,
      "std": 0.0,
      "min": 0.25,
      "max": 0.25,
      "values": [
        0.25,
        0.25,
        0.25
      ]
    },
    "user_time": {
      "mean": 0.0033333333333333335,
      "std": 0.005773502691896258,
      "values": [
        0.0,
        0.0,
        0.01
      ]
    },
    "sys_time": {
      "mean": 0.026666666666666665,
      "std": 0.005773502691896256,
      "values": [
        0.03,
        0.03,
        0.02
      ]
    },
    "max_memory": {
      "mean": 1430.6666666666667,
      "std": 68.15668223537097,
      "min": 1352.0,
      "max": 1472.0,
      "values": [
        1468.0,
        1472.0,
        1352.0
      ]
    },
    "repetitions": 3
  }
}