{
  "": {
    "real_time": {
      "mean": 0.0,
      "std": 0.0,
      "min": 0.0,
      "max": 0.0
    },
    "user_time": {
      "mean": 0.0,
      "std": 0.0
    },
    "sys_time": {
      "mean": 0.0,
      "std": 0.0
    },
    "max_memory": {
      "mean": 949.3333333333334,
      "std": 2.309401076758503,
      "min": 948.0,
      "max": 952.0
    }
  }
}