{
  "": {
    "real_time": {
      "mean": 0.0,
      "std": 0.0,
      "min": 0.0,
      "max": 0.0
    },
    "user_time": {
      "mean": 0.0,
      "std": 0.0
    },
    "sys_time": {
      "mean": 0.0,
      "std": 0.0
    },
    "max_memory": {
      "mean": 950.6666666666666,
      "std": 108.54185060764965,
      "min": 888.0,
      "max": 1076.0
    }
  }
}