{
  "": {
    "real_time": {
      "mean": 2.5533333333333332,
      "std": 0.005773502691896391,
      "min": 2.55,
      "max": 2.56
    },
    "user_time": {
      "mean": 2.5533333333333332,
      "std": 0.005773502691896391
    },
    "sys_time": {
      "mean": 0.0,
      "std": 0.0
    },
    "max_memory": {
      "mean": 1901.3333333333333,
      "std": 12.220201853215574,
      "min": 1888.0,
      "max": 1912.0
    }
  }
}