{
  "N1000": {
    "real_time": {
      "mean": 0.0,
      "ci": 0.0,
      "std": 0.0,
      "min": 0.0,
      "max": 0.0,
      "values": [
        0.0,
        0.0,
        0.0
      ]
    },
    "user_time": {
      "mean": 0.0,
      "std": 0.0,
      "values": [
        0.0,
        0.0,
        0.0
      ]
    },
    "sys_time": {
      "mean": 0.0,
      "std": 0.0,
      "values": [
        0.0,
        0.0,
        0.0
      ]
    },
    "max_memory": {
      "mean": 968.0,
      "std": 99.51884243699783,
      "min": 880.0,
      "max": 1076.0,
      "values": [
        880.0,
        1076.0,
        948.0
      ]
    },
    "repetitions": 3
  },
  "N2000": {
    "real_time": {
      "mean": 0.0,
      "ci": 0.0,
      "std": 0.0,
      "min": 0.0,
      "max": 0.0,
      "values": [
        0.0,
        0.0,
        0.0
      ]
    },
    "user_time": {
      "mean": 0.0,
      "std": 0.0,
      "values": [
        0.0,
        0.0,
        0.0
      ]
    },
    "sys_time": {
      "mean": 0.0,
      "std": 0.0,
      "values": [
        0.0,
        0.0,
        0.0
      ]
    },
    "max_memory": {
      "mean": 885.3333333333334,
      "std": 2.309401076758503,
      "min": 884.0,
      "max": 888.0,
      "values": [
        888.0,
        884.0,
        884.0
      ]
    },
    "repetitions": 3
  },
  "N5000": {
    "real_time": {
      "mean": 0.0,
      "ci": 0.0,
      "std": 0.0,
      "min": 0.0,
      "max": 0.0,
      "values": [
        0.0,
        0.0,
        0.0
      ]
    },
    "user_time": {
      "mean": 0.0,
      "std": 0.0,
      "values": [
        0.0,
        0.0,
        0.0
      ]
    },
    "sys_time": {
      "mean": 0.0,
      "std": 0.0,
      "values": [
        0.0,
        0.0,
        0.0
      ]
    },
    "max_memory": {
      "mean": 908.0,
      "std": 38.157568056677825,
      "min": 884.0,
      "max": 952.0,
      "values": [
        884.0,
        888.0,
        952.0
      ]
    },
    "repetitions": 3
  }
}