{
  "chr10a": {
    "real_time": {
      "mean": 0.2475,
      "ci": 0.007956115763210665,
      "std": 0.0050000000000000044,
      "min": 0.24,
      "max": 0.25,
      "values": [
        0.25,
        0.25,
        0.24,
        0.25
      ]
    },
    "user_time": {
      "mean": 0.0,
      "std": 0.0,
      "values": [
        0.0,
        0.0,
        0.0,
        0.0
      ]
    },
    "sys_time": {
      "mean": 0.03,
      "std": 0.0,
      "values": [
        0.03,
        0.03,
        0.03,
        0.03
      ]
    },
    "max_memory": {
      "mean": 1368.0,
      "std": 3.265986323710904,
      "min": 1364.0,
      "max": 1372.0,
      "values": [
        1364.0,
        1368.0,
        1372.0,
        1368.0
      ]
    },
    "repetitions": 4
  },
  "chr12a": {
    "real_time": {
      "mean": 0.2475,
      "ci": 0.007956115763210665,
      "std": 0.0050000000000000044,
      "min": 0.24,
      "max": 0.25,
      "values": [
        0.25,
        0.25,
        0.24,
        0.25
      ]
    },
    "user_time": {
      "mean": 0.0,
      "std": 0.0,
      "values": [
        0.0,
        0.0,
        0.0,
        0.0
      ]
    },
    "sys_time": {
      "mean": 0.03,
      "std": 0.0,
      "values": [
        0.03,
        0.03,
        0.03,
        0.03
      ]
    },
    "max_memory": {
      "mean": 1369.0,
      "std": 8.246211251235321,
      "min": 1360.0,
      "max": 1376.0,
      "values": [
        1360.0,
        1376.0,
        1376.0,
        1364.0
      ]
    },
    "repetitions": 4
  }
}