{
  "10": {
    "real_time": {
      "mean": 0.02,
      "std": 0.0,
      "min": 0.02,
      "max": 0.02
    },
    "user_time": {
      "mean": 0.02,
      "std": 0.0
    },
    "sys_time": {
      "mean": 0.0,
      "std": 0.0
    },
    "max_memory": {
      "mean": 1350.6666666666667,
      "std": 30.28751117760146,
      "min": 1316.0,
      "max": 1372.0
    }
  },
  "14": {
    "real_time": {
      "mean": 12.303333333333333,
      "std": 0.06027713773341673,
      "min": 12.24,
      "max": 12.36
    },
    "user_time": {
      "mean": 12.28,
      "std": 0.05567764362829983
    },
    "sys_time": {
      "mean": 0.0,
      "std": 0.0
    },
    "max_memory": {
      "mean": 1372.0,
      "std": 6.928203230275509,
      "min": 1364.0,
      "max": 1376.0
    }
  }
}