{
  "chr10a": {
    "real_time": {
      "mean": 0.24666666666666667,
      "std": 0.005773502691896263,
      "min": 0.24,
      "max": 0.25
    },
    "user_time": {
      "mean": 0.0,
      "std": 0.0
    },
    "sys_time": {
      "mean": 0.03,
      "std": 0.0
    },
    "max_memory": {
      "mean": 1413.3333333333333,
      "std": 42.770706486254504,
      "min": 1364.0,
      "max": 1440.0
    }
  },
  "chr12a": {
    "real_time": {
      "mean": 0.24333333333333332,
      "std": 0.005773502691896263,
      "min": 0.24,
      "max": 0.25
    },
    "user_time": {
      "mean": 0.0033333333333333335,
      "std": 0.005773502691896258
    },
    "sys_time": {
      "mean": 0.026666666666666665,
      "std": 0.005773502691896256
    },
    "max_memory": {
      "mean": 1413.3333333333333,
      "std": 52.05125678918169,
      "min": 1360.0,
      "max": 1464.0
    }
  }
}